Index,Fixed_Effect,Rank
XAU,-0.0004619769081500943,1
GDX,-0.00047521724175337497,2
GDM,-0.0005220850782136285,3
XGD,-0.0005315224964374422,4
MVG,-0.0006049043405230233,5
HUI,-0.000637880438953148,6
FTGM,-0.000657418546518463,7
