Variable,Coefficient_FE,Std_Error_FE,P_value_FE,Coefficient_RE,Std_Error_RE,P_value_RE
Gold_ret,1.6220193218105012,0.039623013934015565,0.0,,,
USD_ret,-0.2993110374011905,0.07979334938302156,0.00017649559729715492,,,
Oil_ret,0.028651189615171543,0.007691565589158794,0.00019575746007927108,,,
SP500_ret,0.43987477041763795,0.04332957731352765,0.0,,,
Vix_ret,0.003150409326442559,0.0013209388393899079,0.017087984801515743,,,
INT_ret,0.008575317827228946,0.006681269049905917,0.19933428263153896,,,
EPU_ret,-5.175390820612201e-05,6.639876397942224e-05,0.4357278618802156,,,
