Index,Fixed_Effect,Rank
XAU,-0.0005564140307280839,1
FTGM,-0.0005998177360693808,2
GDM,-0.0006028603149740908,3
GDX,-0.0006171842028029183,4
XGD,-0.0006391526688360372,5
