Variable,Coefficient_FE,Std_Error_FE,P_value_FE,Coefficient_RE,Std_Error_RE,P_value_RE
Gold_ret,1.569792290338388,0.057810696763412585,0.0,1.5677769709859997,0.010241075924676385,0.0
SP500_ret,0.44655890547131355,0.059702121786171916,7.72715225139109e-14,0.44507461925204883,0.008452118530530947,0.0
USD_ret,-0.25355724587140993,0.11341060257751658,0.025378279437726414,-0.2559484725420506,0.023309481502373306,0.0
Oil_ret,0.0428916266372301,0.01552462620713754,0.00573525809850528,0.04292040015677234,0.004592261762562535,0.0
